idx,src,t0,dur,event,emotion,text
1,src_06,4.52,1.22,Laughter,-,😀呃哎哎哎哎哎哎。
2,src_01,22.92,3.52,Speech,HAPPY,整活还得看咱家奶龙。😊
3,src_03,12.58,1.98,Speech,HAPPY,好不好啊？😊
4,src_09,17.44,0.92,Speech,HAPPY,难受。😊
5,src_08,11.30,1.86,Speech,ANGRY,不过朝月亮外三拜就没事了。😡
6,src_04,11.94,4.94,Speech,ANGRY,确实很像，你是不是饿了？😡
7,src_06,29.04,1.84,Speech,SAD,妈嘛连累我呀。😔
8,src_07,17.18,4.08,Speech,ANGRY,海龙啥都是。😡
9,src_03,7.52,4.40,Speech,SAD,我能有多骄傲，不可一。😔
10,src_09,9.74,1.52,Speech,NEUTRAL,您真大方。
11,src_08,22.90,1.32,Speech,-,还是月饼啊。
12,src_06,24.88,2.52,Speech,SAD,给你扣个城堡不就好了吗？😔
13,src_03,2.92,2.82,Speech,ANGRY,你说那是保力奴小七。😡
14,src_02,6.88,1.24,Speech,-,朵朵。
15,src_07,23.98,1.74,Speech,ANGRY,你才是奶龙。😡
16,src_03,44.76,1.00,Speech,-,嗯嗯嗯嗯嗯。
17,src_07,10.74,2.12,Speech,-,嗯。
18,src_08,13.92,5.16,Speech,HAPPY,你人不懂事，不要快追，月亮月亮月亮月亮月饼月饼。😊
19,src_04,18.34,1.52,Speech,-,我我饿了。
20,src_09,19.28,1.78,Speech,-,你。
21,src_01,3.96,1.02,Speech,-,今天的脊重。
22,src_01,1.98,1.64,Speech,HAPPY,真的很酷酷。😊
23,src_01,11.74,3.12,Speech,HAPPY,我要减肥肥，我要变瘦瘦。😊
24,src_02,8.64,1.50,Speech,HAPPY,一边来听吗。😊
25,src_03,0.12,2.80,Speech,SURPRISED,嗯，森林下的雪。😮
26,src_03,18.44,2.58,Speech,-,哇，小气。
27,src_03,21.14,2.52,Speech,HAPPY,该喝药了，快快融化。😊
28,src_05,7.92,1.04,Speech,HAPPY,哎。😊
29,src_02,10.34,11.00,Speech,HAPPY,눈을 우유 한 잔 생각하세요 우리 가족의 건강을 우유 먹고 지켜내세요.😊
30,src_04,9.54,1.68,Speech,ANGRY,你搬的好凶呀。😡
31,src_06,6.34,2.62,Speech,-,啊，你蜂。
32,src_06,11.84,1.58,Speech,-,啊嗯嗯。
33,src_08,0.12,2.30,Speech,-,小鸡弯弯的月亮像。
34,src_08,21.28,1.58,Speech,NEUTRAL,后羿射的是月亮。
35,src_09,8.34,1.40,Speech,ANGRY,不就一个蛋吗。😡
36,src_04,4.44,1.24,Speech,ANGRY,调皮鬼。😡
37,src_04,0.32,4.04,Speech,HAPPY,啊啊什么鬼啊。😊
38,src_05,3.54,2.18,Speech,ANGRY,小七，你给我做的。😡
39,src_05,18.12,2.18,Speech,ANGRY,我给你换个大罐儿嗯。😡
40,src_06,10.84,1.00,Speech,-,哇。
41,src_07,21.92,1.04,Speech,ANGRY,你是奶牛。😡
42,src_08,26.08,1.98,Speech,ANGRY,你等着被抓住吧。😡
43,src_01,0.14,1.60,Speech,-,我就大肚嘟。
44,src_01,5.04,1.66,Speech,ANGRY,依旧那么稳定呢。😡
45,src_01,8.86,2.00,Speech,ANGRY,那是因为只能撑到呢。😡
46,src_05,0.10,2.46,Speech,-,嘿嘿收工。
47,src_05,5.72,2.10,Speech,ANGRY,怎么跟没血染一样啊？😡
48,src_05,15.26,2.00,Speech,-,你就去哦嗯嗯。
49,src_07,3.18,1.06,Speech,ANGRY,你会不合？😡
50,src_05,14.34,0.92,Speech,-,小鸡。
51,src_09,5.40,2.80,Speech,ANGRY,还不是你偷了他的蛋，真小俊。😡
52,src_04,21.14,1.54,Speech,ANGRY,他竟然不吃棒棒糖。😡
53,src_06,14.22,8.00,Speech,ANGRY,还好没超过3秒呃，我刚刚出的三水一听就被你吃了，不吃不就浪费了呢。😡
54,src_07,15.52,0.96,Speech,ANGRY,我有办法。😡
55,src_05,9.02,2.18,Speech,ANGRY,这个色儿好看，换你给我拔罐。😡
56,src_03,5.82,1.52,Speech,ANGRY,你怎么被冻住了？😡
57,src_04,8.06,1.44,Speech,-,啊。
58,src_08,2.42,5.34,Speech,SURPRISED,什么呀啊这月亮会被割耳朵的。切，怎么可能？😮
59,src_06,2.10,2.34,Speech,HAPPY,看我干啥嗯。😊
60,src_09,2.12,3.22,Speech,SURPRISED,小珍猪精啊，怎么这么凶啊？😮
61,src_09,13.74,2.56,Speech,-,警位回死。
62,src_01,14.96,2.62,Speech,ANGRY,小狗把小鸡给我架起来。😡
63,src_09,0.06,2.06,Cry,-,😭啊。
64,src_03,23.80,2.32,Speech,SURPRISED,哇哦，再见再见。😮
65,src_05,22.58,5.34,Speech,SURPRISED,小鸡夺不夺金儿夺不夺金儿嗯，得劲儿。😮
66,src_07,0.20,2.70,Speech,ANGRY,我是奶龙，我这是奶龙。😡
67,src_07,13.06,2.20,Speech,ANGRY,可恶，你居然都会。😡
68,src_09,22.10,1.18,Speech,-,别哭了。
69,src_09,23.28,1.46,Speech,ANGRY,都都变形了。😡
70,src_03,40.24,2.02,Speech,HAPPY,啊我要弄个。😊
71,src_05,27.92,1.08,Speech,ANGRY,怎么这么。😡
72,src_06,22.36,1.70,Speech,-,嗯，哎呀。
73,src_07,8.12,2.44,Speech,-,我还会变身呢。
74,src_03,27.28,1.58,Speech,HAPPY,就可以开心的玩了。😊
75,src_03,16.42,1.58,Speech,-,熊来啦。
76,src_05,29.02,2.74,Speech,HAPPY,得劲儿嘿。😊
77,src_03,31.08,1.36,Speech,ANGRY,气拳王万分。😡
78,src_03,32.66,7.52,Speech,HAPPY,动快快去救救我去救救我奶飞啊。😊
79,src_03,42.26,2.16,Speech,-,豆豆。
80,src_08,29.10,2.18,Speech,HAPPY,哎呀哎呀。😊
81,src_10,0.04,4.20,BGM,HAPPY,🎼春天在哪里呀？春天在哪里啊？😊
82,src_10,4.26,3.02,Speech,HAPPY,前面就到了哇。😊
83,src_10,7.28,1.08,Speech,-,小鸡。
84,src_10,8.38,0.96,Speech,ANGRY,你闻到了吗？😡
85,src_10,10.42,1.66,Speech,-,春天的味道。
86,src_10,13.54,3.40,Speech,ANGRY,是酸酸甜甜的味道，我看你是饿了吧。😡
87,src_10,16.94,0.96,Speech,-,是呀。
88,src_10,18.04,6.58,Speech,HAPPY,嗯可是这里哪有吃的哎，上饿了么搜奶龙领爆红包就可以买到各种新品哦。😊
89,src_10,24.86,6.72,Speech,ANGRY,1.5折起，还有领券点优惠。这安慕希酸奶水进环冰淇淋都是新口味呢。😡
90,src_10,31.84,5.60,Speech,ANGRY,啊呜呜呜呜呜小宝，你对我真好，那是他点的。😡
91,src_10,38.10,1.68,Speech,ANGRY,那也不点多点啊。😡
92,src_10,40.30,6.01,Speech,HAPPY,驱蚊类，哎呀，我可真是个大乐虫啊。😊
93,src_11,0.96,1.60,Speech,-,哎呦miss。
94,src_11,3.18,1.74,Speech,HAPPY,这姐就不要题。😊
95,src_11,4.92,5.48,Speech,HAPPY,我你这一再看他你不胖都不平嗯。😊
96,src_11,10.88,1.56,Speech,-,去我没。
97,src_11,12.48,0.94,Speech,-,醉呃。
98,src_11,14.08,1.96,Laughter,HAPPY,😀喂喂喂。😊
99,src_11,17.30,5.12,Speech,HAPPY,他说咬洗你我的。😊
100,src_11,25.20,2.70,Speech,-,啊狗一就掉狗铃身。
101,src_11,28.84,2.92,Speech,-,啊啊，他去叫人了怎么办啊？
102,src_11,32.24,2.66,Speech,HAPPY,我有办法照片。😊
103,src_11,34.92,1.98,Speech,NEUTRAL,就是呗。
104,src_11,37.98,1.86,Speech,ANGRY,这样他就认不出我们了。😡
105,src_11,39.92,1.70,Speech,-,啊。
106,src_11,41.64,1.82,Speech,ANGRY,他又说啥，你猜。😡
107,src_12,0.10,1.42,Speech,HAPPY,这是。😊
108,src_12,2.80,1.98,Speech,NEUTRAL,你掉的是这个金戒具。
109,src_12,5.66,1.46,Speech,ANGRY,这句都不是。😡
110,src_12,7.12,2.80,Speech,-,嗯，你真诚实啊。
111,src_12,10.20,2.18,Speech,ANGRY,那我拿这两个跟你换吧。😡
112,src_12,12.94,4.24,Speech,HAPPY,大到一个月应该能换这个钻戒了吧。对。😊
113,src_12,17.20,1.34,Speech,ANGRY,给你对意喏。😡
114,src_12,18.58,3.26,Speech,ANGRY,这是无价的。嗯嗯，你不要禁止不去吃吸。😡
115,src_12,22.72,3.58,Speech,HAPPY,啊祝你们幸福，。哎呦我的妈。😊
116,src_13,0.52,1.72,Speech,HAPPY,哼嗯哼哎。😊
117,src_13,2.50,1.74,Laughter,HAPPY,😀哼哈哈哼。😊
118,src_13,5.10,1.22,Speech,-,这。
119,src_13,7.06,3.02,Speech,HAPPY,老龙蓝龙。😊
120,src_13,11.70,2.94,Speech,ANGRY,肚子好重，你先听我说。😡
121,src_13,15.90,1.60,Speech,SAD,我时间不多了。😔
122,src_13,17.50,1.24,Speech,SAD,我很怀念。😔
123,src_13,20.02,1.28,Speech,SAD,吃的蛋糕。😔
124,src_13,21.92,2.26,Speech,HAPPY,嗯嗯嗯。😊
125,src_13,24.18,4.12,Speech,HAPPY,这时候我哪有心情吃蛋糕啊。😊
126,src_13,28.38,4.68,Speech,ANGRY,是我去，不是你去。😡
127,src_14,2.24,5.18,Speech,HAPPY,我我滚我滚啊。😊
128,src_14,7.50,1.18,Speech,-,走嗯。
129,src_14,8.72,1.46,Speech,ANGRY,神我毒。😡
130,src_14,10.18,1.66,Speech,-,我过来。
131,src_14,13.06,3.98,Speech,NEUTRAL,当时那根距离我的人路只有0.01公分。
132,src_14,17.22,8.40,Speech,ANGRY,但几秒钟之后，你再磨及他们就要把我抓走了。耶，我小七两只小狗呀。😡
133,src_14,25.90,2.20,Speech,NEUTRAL,飞到话筒中。
134,src_14,31.36,0.98,Speech,-,偷袭。
135,src_14,34.64,1.14,Speech,-,呃。
136,src_14,36.20,4.78,Speech,HAPPY,飞呀跳漂跳跳漂跳好呀。😊
137,src_14,43.40,1.56,Speech,ANGRY,非要逼我出手。😡
138,src_14,46.32,1.90,Speech,ANGRY,去到底是谁？😡
139,src_14,48.22,2.50,Speech,ANGRY,下这么狠的毒手。😡
140,src_14,50.84,1.40,Speech,-,都住。
141,src_14,52.30,1.90,Speech,-,时候了，你还担心我。
142,src_14,54.20,1.48,Speech,-,嗯嗯。
143,src_14,55.72,1.10,Speech,-,哎。
144,src_15,0.12,1.04,Speech,-,哎呦哎呦。
145,src_15,1.56,1.00,Speech,ANGRY,加有哈。😡
146,src_15,2.66,1.42,Speech,ANGRY,你一根那我一根。😡
147,src_15,4.22,1.34,Speech,ANGRY,你一跟呢我一跟。😡
148,src_15,6.50,6.32,Speech,ANGRY,小七辛苦了，不先火灭火。小七，你有一根盖觉比我的长诶。😡
149,src_15,13.60,1.22,Speech,ANGRY,明明差不多嘛。😡
150,src_15,15.56,1.24,Speech,-,嗯，看吧。
151,src_15,16.82,1.52,Speech,ANGRY,我的眼睛就是池。😡
152,src_15,18.42,1.56,Speech,ANGRY,这个长的给你吧。😡
153,src_15,19.98,1.48,Speech,-,奶龙真好。
154,src_15,21.74,2.94,Speech,HAPPY,啊啊这这这这这这这。😊
155,src_15,24.88,2.12,Speech,ANGRY,小七，你们跟强队。😡
156,src_15,27.00,6.64,BGM,HAPPY,🎼再分我一半吧，滚。😊
157,src_16,0.04,1.74,BGM,-,🎼摇曳的步伐。
158,src_16,2.14,2.70,Speech,HAPPY,快乐这个。😊
159,src_16,5.06,1.24,Speech,-,Surprise.
160,src_16,6.60,1.96,Speech,HAPPY,嗯，嘿嘿。😊
161,src_16,8.58,2.74,Speech,ANGRY,小七，你该不会偷吃火龙果了吧。😡
162,src_16,11.40,1.68,Speech,-,光嗯哪有。
163,src_16,13.32,1.66,Speech,ANGRY,我对火龙果过敏。😡
164,src_16,15.06,2.82,Speech,HAPPY,呃，对了，我去旅游玩的开心嗯。😊
165,src_16,17.94,1.52,Speech,ANGRY,就知道你感兴趣。😡
166,src_16,20.32,2.32,Speech,SURPRISED,都存在手机里了啊。😮
167,src_16,24.08,1.88,Speech,-,啊啊。
168,src_16,27.82,1.54,Speech,ANGRY,照片看不了了。😡
169,src_16,29.36,3.24,Speech,ANGRY,还好我位于臭猫，打开你的手机。😡
170,src_16,32.76,2.68,Speech,HAPPY,在我们的家庭分组里就能看哦。😊
171,src_16,37.62,0.98,Speech,ANGRY,给我看下。😡
172,src_16,38.62,1.66,Speech,-,啊，不可以吗。
173,src_16,40.36,6.00,Speech,HAPPY,哎哎呀。😊
174,src_17,0.04,1.16,Speech,HAPPY,呃，悠呦。😊
175,src_17,2.16,3.38,Speech,ANGRY,蜗牛好久没见了，是不是要庆祝一下？😡
176,src_17,8.26,1.52,Speech,ANGRY,什么你到村长了。😡
177,src_17,9.78,5.26,Speech,ANGRY,赶紧庆祝一下，你有本事天天可以当村长啊。😡
178,src_17,15.04,2.30,Speech,ANGRY,可快就来针。😡
179,src_17,17.74,2.54,Speech,ANGRY,哦，你看graulation。😡
180,src_17,21.28,4.10,BGM,HAPPY,🎼我一定会回来。😊
181,src_18,1.96,1.56,Speech,HAPPY,哼嘿好。😊
182,src_18,4.38,0.96,Speech,-,啊。
183,src_18,5.58,1.72,Speech,ANGRY,奶龙，要不算了吧。😡
184,src_18,8.12,2.34,Speech,ANGRY,我还有一只书，嘿。😡
185,src_18,12.48,2.26,Speech,HAPPY,哎呦这哦。😊
186,src_18,14.96,2.66,Speech,ANGRY,现在没手了哦哎喂这。😡
187,src_18,17.64,2.04,Speech,ANGRY,花石头肉吃好吃又好玩的。😡
188,src_18,20.48,1.00,Speech,ANGRY,老龙别理他。😡
189,src_18,22.10,0.94,Speech,-,小区。
190,src_18,23.06,3.42,Speech,ANGRY,这妙脆角看起来好好吃哦，吃不了。😡
191,src_18,27.30,1.04,Speech,ANGRY,谁说的。😡
192,src_18,29.74,5.36,Speech,HAPPY,为我幼稚抱抱龙，我们走。😊
193,src_18,36.24,1.70,Speech,SAD,没有你们我也能去。😔
194,src_18,41.68,2.18,Speech,-,哦，牛命。
195,src_18,44.82,1.06,Speech,-,这这这。
196,src_18,46.12,3.14,Speech,HAPPY,那有你没事吗？哎呀呀别碰。😊
197,src_18,49.36,0.98,Speech,-,呃，对了。
198,src_18,50.98,3.54,Speech,-,这下好了，真的喂你了。
199,src_18,55.66,0.96,Speech,ANGRY,臭味成功。😡
200,src_18,57.52,1.57,Speech,ANGRY,一起参遇投喂挑战。😡
201,src_19,0.10,1.76,Speech,ANGRY,你先走，我等号。😡
202,src_19,3.72,3.20,Speech,HAPPY,鱼蚣。😊
203,src_19,7.04,3.54,Speech,HAPPY,啊啊完蛋了，他又使用死亡方管了呃。😊
204,src_19,10.58,4.18,Speech,ANGRY,我有办法，我反方向旋转，拧断他的头就好了。😡
205,src_19,14.94,1.48,Speech,-,啊呜。
206,src_19,16.82,1.08,BGM,-,🎼不娘。
207,src_20,0.04,0.98,Speech,-,不不不不不不。
208,src_20,1.86,1.90,Speech,ANGRY,我给你套个小可爱。😡
209,src_20,5.88,1.46,Speech,-,嘻嘻。
210,src_20,8.74,9.96,BGM,HAPPY,🎼霸霸王龙诶，不会是恐龙最后一日纪录片里的霸王龙爸爸吧。是啊啊。😊
211,src_20,19.56,1.86,Speech,-,啊。
212,src_20,21.66,4.94,Speech,HAPPY,放开来了哇，哎呀爸嗯。😊
213,src_20,26.62,0.93,Speech,-,哎呦，我的妈。
214,src_21,0.42,1.36,Speech,ANGRY,长下我做的含笑。😡
215,src_21,2.92,7.36,Laughter,HAPPY,😀。😊
216,src_21,10.28,6.27,Cry,HAPPY,😭。😊
217,src_22,0.06,2.42,Speech,ANGRY,看这样就会没命的。😡
218,src_22,2.56,0.98,Speech,-,在。
219,src_22,3.54,1.08,Speech,-,是。
220,src_22,7.12,2.12,Speech,ANGRY,小区，你在哪？😡
221,src_22,10.36,2.02,Speech,ANGRY,喂，你的墨镜挺不错的嘛。😡
222,src_22,13.10,7.00,BGM,HAPPY,🎼这位平头的哥哥真喜欢他一样就会没命的。😊
223,src_23,0.04,2.94,Speech,-,不姐姐姐。
224,src_23,5.18,4.18,Speech,ANGRY,小七，这次干紧往哪儿逃。😡
225,src_23,9.50,7.22,BGM,HAPPY,🎼就侠手。😊
226,src_23,20.02,1.14,Speech,ANGRY,嗖一下飞过去了。😡
227,src_23,23.12,7.70,Speech,HAPPY,接就姐熊熊熊。😊
228,src_23,33.72,0.94,Speech,-,啊。
229,src_23,36.70,3.14,Speech,ANGRY,小，没事没事，我先走了。咿呀。😡
230,src_23,41.06,4.82,BGM,ANGRY,🎼，你想跑，受死吧，你好。😡
231,src_23,46.34,2.48,Speech,-,嗯，啊。
232,src_23,54.24,1.78,Speech,SURPRISED,他的受洗了耶。😮
233,src_24,0.04,4.12,Speech,ANGRY,我玩了两劫，这次轮到我的规则了吧，那你说。😡
234,src_24,4.36,1.38,Speech,ANGRY,这次我们比速度。😡
235,src_24,5.80,1.02,Speech,ANGRY,开始学豆角。😡
236,src_24,7.98,7.82,Speech,ANGRY,宝贝快说大装什面我要要啊，我也要一个这样的针。😡
237,src_24,17.02,5.42,Speech,HAPPY,谁死了，我出来了，不色龙了，我出来了。😊
238,src_25,0.94,2.36,Speech,ANGRY,小气到底是什么呀？😡
239,src_25,3.44,2.66,Speech,ANGRY,我送你的新年礼物，你一定会喜欢。😡
240,src_25,6.24,0.94,Speech,HAPPY,咦。😊
241,src_25,7.56,1.16,Speech,-,哇。
242,src_25,12.10,1.14,Speech,ANGRY,这是声控灯泡。😡
243,src_25,13.32,1.24,Speech,ANGRY,叫一声就会亮哦。😡
244,src_25,14.68,1.76,Speech,-,啊。
245,src_25,22.06,1.02,Speech,-,哇。
246,src_25,23.12,3.96,Speech,HAPPY,这个氛围都好有 feel哦，小气。😊
247,src_25,27.14,2.56,Speech,ANGRY,我也有个新年礼物送给你哦。😡
248,src_25,29.76,5.24,Speech,SURPRISED,我没想到你会坐我车，坐个车那么好，也太贵重了诶。😮
249,src_25,36.00,1.18,Speech,ANGRY,上汽大众，2月底前。😡
250,src_25,37.28,3.76,Speech,ANGRY,全车器都有至高减免50%购置税，日常使用油耗低。😡
251,src_25,41.04,1.28,Speech,ANGRY,省这一外真的值。😡
252,src_25,43.86,2.10,Speech,ANGRY,你们怎么在我车上？😡
253,src_25,50.02,1.56,Speech,ANGRY,这不是你送我的礼物吗？😡
254,src_25,52.84,1.56,Speech,SAD,我说你打火机。😔
255,src_25,54.50,1.90,Speech,SAD,想要点亮你的心。😔
256,src_25,56.44,2.69,Laughter,-,😀嗯。
257,src_26,0.24,2.84,Speech,ANGRY,星星点灯照亮我的。😡
258,src_26,4.08,2.80,Speech,-,我要。
259,src_26,9.20,1.54,Speech,-,脆弱的人类。
260,src_26,12.06,2.80,Speech,ANGRY,欺人太煞接招。😡
261,src_26,15.54,1.40,Speech,ANGRY,小雷龙喷火。😡
262,src_26,16.94,1.04,Speech,-,嗯。
263,src_26,19.56,4.09,Speech,ANGRY,你们去了吗？出再多放点自首。😡
264,src_27,0.26,1.98,Speech,ANGRY,我感觉尾巴有点疼。😡
265,src_27,3.14,5.00,Speech,ANGRY,这是七步蛇，被摇做七步就会没命的。啊，我刚刚找了几个雷渣。😡
266,src_27,8.16,2.52,Speech,ANGRY,总之不要再走了，这的会没命的。😡
267,src_27,11.16,4.26,Speech,SURPRISED,我有办法，那我没主题步，不咬一口就好了。😮
268,src_27,16.58,4.70,Speech,HAPPY,O。😊
269,src_27,21.34,4.12,Speech,HAPPY,大家吃好喝好，接着都愿接着我。😊
270,src_28,0.30,7.60,BGM,HAPPY,🎼准备好了，开始了，在小小的花园里，怎么会有有吃错饭。😊
271,src_28,9.76,7.08,BGM,HAPPY,🎼看我花芽花种小小的种子，开小小的屋。😊
272,src_28,17.62,2.18,Speech,-,肉酷。
273,src_28,21.56,1.00,Speech,-,很壮很热。
274,src_28,25.18,4.08,Speech,ANGRY,你做的饭呃呃，糟糕忘记做饭了。😡
275,src_28,30.24,2.46,Speech,HAPPY,二楼洗手吃饭啦。😊
276,src_28,33.08,1.38,Speech,-,哇哇。
277,src_28,35.06,7.38,BGM,HAPPY,🎼手。😊
278,src_28,42.72,2.46,Speech,HAPPY,妈妈节快乐。😊
279,src_28,45.34,1.48,Speech,ANGRY,送你个盘子。😡
280,src_28,46.82,1.12,Speech,-,永远爱你。
281,src_28,49.02,1.00,Speech,HAPPY,谢谢你们。😊
282,src_28,50.16,3.84,Speech,HAPPY,妈妈也永远爱你们好，都给妈妈留言。😊
283,src_28,54.04,1.14,Speech,-,啊看。
284,src_28,56.38,2.50,Laughter,HAPPY,😀。😊
285,src_29,1.18,5.54,BGM,HAPPY,🎼你叫啊，你小破喉咙也没有人来救你了。😊
286,src_29,6.72,1.80,Speech,-,好了好了呃。
287,src_29,10.82,1.24,Speech,ANGRY,放开那个宝宝。😡
288,src_29,12.08,1.30,Speech,ANGRY,够我的丢。😡
289,src_29,13.78,4.36,Speech,ANGRY,敢跳你吗？还是我们来救你哼。😡
290,src_29,18.56,1.56,Speech,ANGRY,你们给我等着。😡
291,src_29,20.18,1.56,Speech,-,包 you7!
292,src_29,24.86,1.02,Speech,-,好。
293,src_29,26.52,9.96,Speech,HAPPY,搞死他们，蓝控要黑屏。😊
294,src_29,38.94,1.18,Speech,-,你哈。
295,src_29,40.94,1.02,Speech,ANGRY,我们送你。😡
296,src_29,42.52,1.96,Speech,SAD,那我不好意思呀。😔
297,src_29,44.60,3.26,Speech,ANGRY,我们是说送你去猎嘿。😡
298,src_29,48.76,1.14,Speech,ANGRY,增强肌肤抵抗力。😡
299,src_29,49.92,1.48,Speech,ANGRY,修护也要逼分两路。😡
300,src_29,51.46,2.04,Speech,ANGRY,小天的皮肤摇还小姑。😡
301,src_30,0.16,24.94,Laughter,ANGRY,😀我正在海里洗澡呢，那龙光三太子上来就一拳一拳，呀，这打一条龙你扎小孩，我爹都不打我，我也我也不让着他呀，我就扎他一下，他又打我一拳，我再扎他一下，结果我们两们两人就。😡
302,src_30,25.10,2.96,Laughter,HAPPY,😀哎呦，我的妈。😊
303,src_31,3.16,1.22,Speech,NEUTRAL,江南可采莲。
304,src_31,5.10,1.38,Speech,NEUTRAL,莲叶和甜甜。
305,src_31,17.66,1.72,Speech,NEUTRAL,江南又到了可以采莲的时候。
306,src_31,20.44,1.44,Speech,ANGRY,莲叶长得多么茂盛啊。😡
307,src_31,26.44,1.02,Speech,NEUTRAL,一会儿游到东面。
308,src_31,36.38,1.28,Speech,NEUTRAL,这是一首采莲歌。
309,src_31,38.30,1.68,Speech,NEUTRAL,表现了采莲时节的劳动。
310,src_31,46.20,2.16,Speech,NEUTRAL,人们感受到一派生机勃勃的景。
311,src_32,0.04,3.50,Speech,ANGRY,气，你这饼太小了，我给你选个大饼。😡
312,src_32,3.58,1.74,Speech,HAPPY,诶，还有大饼。😊
313,src_32,5.40,6.26,BGM,HAPPY,🎼嗨嗯嗯。😊
314,src_32,11.88,6.12,Speech,HAPPY,耶，我是大兵大龙鼠要回来了。😊
315,src_32,18.84,1.04,Speech,ANGRY,在哪里捏？😡
316,src_32,20.94,1.30,Speech,-,嗯嗯你。
317,src_32,22.96,2.50,Speech,-,哦。
318,src_33,0.24,2.64,Speech,-,小区，这个看起来好好吃呀。
319,src_33,4.22,1.02,Speech,-,耶。
320,src_33,5.78,1.94,Cry,-,😭嗯嗯。
321,src_33,7.80,1.80,Speech,-,怎么？
322,src_33,10.00,1.00,Speech,-,哎。
323,src_33,11.34,2.38,Speech,SURPRISED,哦，我们做朋友吧。😮
324,src_33,13.76,3.76,Speech,ANGRY,我这人就喜欢交朋友，如果你能打破我的记录，吃什么，我买的。😡
325,src_33,17.62,1.50,Speech,-,去不去无所谓。
326,src_33,19.16,14.26,Speech,HAPPY,主要我也喜欢交朋友刷么么哒。😊
327,src_33,33.46,3.12,Speech,ANGRY,到大润发及欧尚指店门店彩票上站，玩的越多领。😡
328,src_33,37.20,1.86,Speech,ANGRY,任务详情以店内公告为准。😡
329,src_33,40.20,1.44,Speech,-,哎呦，我的妈。
330,src_34,0.28,3.10,Speech,ANGRY,小这做玩那只烧鸡，绝对不是我丢去。😡
331,src_34,3.82,1.74,Speech,-,我发去。
332,src_34,9.10,1.04,Speech,-,这雨下的。
333,src_34,10.16,5.10,Speech,ANGRY,真让人头的，大头大头下雨不出，别人有伞我有大头。😡
334,src_34,17.50,0.98,Speech,-,这就。
335,src_34,18.54,4.98,Speech,ANGRY,你以为我怕你吗？我根本不在怕的。😡
336,src_34,23.52,3.40,Speech,ANGRY,我发誓。😡
337,src_35,0.04,2.32,Speech,HAPPY,肯去还我肯定哥。😊
338,src_35,5.22,2.28,Speech,HAPPY,危险危险危险，好久不。😊
339,src_35,8.56,2.74,Speech,ANGRY,不是说这个这里不能烤地瓜。😡
340,src_35,11.36,1.44,Speech,ANGRY,天气干燥，容易起火。😡
341,src_35,12.98,2.60,Speech,SURPRISED,就这么一点火还威险？😮
342,src_35,16.62,1.94,Speech,-,啊着火了啊啊，小心。
343,src_35,19.00,3.48,Speech,HAPPY,有只。😊
344,src_35,23.24,2.06,Speech,-,麦龙。
345,src_35,27.54,9.00,BGM,HAPPY,🎼你和我那么像trale都一样绿马，黑马，这蓝雨的避风战马战那。😊
346,src_35,36.64,6.26,BGM,HAPPY,🎼冷唱得如烟以后。😊
347,src_35,43.28,4.96,Speech,SAD,妖毛哥哥，我再也不玩火了你。😔
348,src_36,1.72,1.86,Speech,ANGRY,看我不把你们的钱包榨干。😡
349,src_36,4.06,2.28,Speech,ANGRY,发飙了发飙了嗯。😡
350,src_36,7.28,1.34,Speech,ANGRY,丢发飙了。😡
351,src_36,9.42,1.92,Speech,ANGRY,不要放飙啊。😡
352,src_36,11.60,2.44,Speech,ANGRY,帮抱龙，你快憋回去。😡
353,src_36,15.54,1.72,Speech,ANGRY,哼，我发的是飞镖。😡
354,src_36,17.70,1.14,Speech,ANGRY,10.1标。😡
355,src_36,19.18,4.84,Speech,ANGRY,击中靶仙，大奖都归你稳我要玩我要稳。😡
356,src_36,25.20,0.92,Speech,ANGRY,是我一。😡
357,src_36,27.34,1.58,Speech,-,B。
358,src_36,33.24,1.08,Speech,ANGRY,要干嘛？😡
359,src_36,34.60,1.54,Speech,ANGRY,根本不算哦。😡
360,src_36,36.26,1.18,Speech,ANGRY,为着马子发射。😡
361,src_36,42.66,2.64,Speech,ANGRY,再吃我一边哦哦。😡
362,src_36,46.46,1.44,Speech,ANGRY,没那么简单。😡
363,src_36,49.56,2.06,Speech,-,啊，你作弊。
364,src_36,52.20,2.20,Speech,ANGRY,你要你管神龙。😡
365,src_36,54.52,1.28,Speech,HAPPY,哎喂。😊
366,src_36,62.00,1.04,Speech,-,诶。
367,src_36,67.40,1.40,Speech,-,啊。
368,src_36,70.54,1.96,Speech,HAPPY,谢谢你的奖品哦。😊
369,src_36,74.30,1.20,Speech,-,万千你。
370,src_36,76.74,2.64,Speech,-,急了吧。
371,src_37,2.70,1.28,Speech,-,可泥。
372,src_37,7.08,2.00,Speech,ANGRY,什么狗单杠漏电吗？😡
373,src_37,11.26,1.32,Speech,-,嗯。
374,src_37,13.90,2.22,Speech,SAD,这我吃太饱了。😔
375,src_37,20.74,1.00,Speech,ANGRY,深秋不怕。😡
376,src_37,21.94,0.96,Speech,-,何昌毅。
377,src_37,23.10,0.92,Speech,-,速度没。
378,src_37,24.26,2.88,Speech,NEUTRAL,7K56专利蜘珠。
379,src_37,27.16,1.84,Speech,NEUTRAL,丰富膳食纤维。
380,src_37,29.00,1.58,Speech,-,天赏一只。
381,src_37,34.30,1.50,Speech,-,喂。
382,src_37,36.30,1.16,Speech,HAPPY,好好。😊
383,src_37,37.48,12.60,Speech,HAPPY,嗯，语气太神，黑上我爱你的心满满，想你一会又一会吧。辛公主耶。😊
384,src_37,50.30,1.06,Speech,-,肚嘟舒服。
385,src_37,53.16,1.90,Speech,-,深真有罩义。
386,src_37,55.22,1.36,Speech,-,速度有。
387,src_37,56.60,1.08,Speech,ANGRY,周立。😡
388,src_38,5.94,1.24,Speech,HAPPY,。😊
389,src_38,8.66,1.96,Speech,HAPPY,嗯嗯嗯。😊
390,src_38,12.60,1.14,Speech,-,读不出。
391,src_38,14.22,1.44,Speech,-,和超蝇。
392,src_38,17.88,2.18,Speech,-,哦，水车。
393,src_38,20.06,1.60,Speech,-,东风和城。
394,src_38,25.34,2.74,Speech,-,，我的穿妖精。
395,src_38,29.24,1.06,Speech,ANGRY,你个唱。😡
396,src_38,30.84,1.16,Speech,-,哼哼你。
397,src_38,32.42,2.86,Speech,-,跟着我，你们都快抓进一封。
398,src_38,35.30,5.20,Speech,-,嘟嘟用锅笔跟着我转转又冲心哦，嘟嘟有动力。
399,src_38,40.54,1.18,Speech,HAPPY,呵呵嘿音。😊
400,src_38,42.64,2.58,Speech,ANGRY,让我们一起喝仗义。😡
401,src_38,45.26,1.26,Speech,-,用用。
402,src_38,49.72,1.10,Speech,ANGRY,用力。😡
403,src_38,51.62,2.22,BGM,HAPPY,🎼嘿嘿。😊
404,src_39,0.04,1.60,Speech,NEUTRAL,嗯啊5。
405,src_39,2.04,1.78,Speech,-,一小时过去了。
406,src_39,4.34,1.46,Speech,HAPPY,还没有鱼养。😊
407,src_39,7.34,0.96,Speech,ANGRY,再等等就有了。😡
408,src_39,10.84,2.32,Speech,HAPPY,嘿哦哈哈。😊
409,src_39,16.94,1.32,Speech,-,嗨。
410,src_39,19.34,2.66,Speech,ANGRY,嗯，这个地方的鱼根本就不咬钩。😡
411,src_39,23.60,1.04,Speech,-,嗯，我。
412,src_39,24.64,1.34,Speech,SAD,帮你问问。😔
413,src_39,32.00,1.66,Speech,ANGRY,你们为什么不要？😡
414,src_39,34.46,1.00,Speech,ANGRY,我就不吃。😡
415,src_39,35.66,1.50,Speech,-,还想吃啥？
416,src_39,37.26,2.42,Speech,ANGRY,你难道想让我做鱼饵吗？😡
417,src_39,40.58,2.56,Speech,HAPPY,啊啊嗯。😊
418,src_39,44.50,6.62,Speech,ANGRY,嗯，不是这样摇后的，刮过奶。😡
419,src_40,2.70,1.00,Speech,ANGRY,肚子填饱。😡
420,src_40,3.70,1.20,Speech,-,爸啊我。
421,src_40,5.08,1.32,Speech,-,木画。
422,src_40,6.80,1.70,Speech,ANGRY,不愧是老吃家。😡
423,src_40,11.70,1.42,Speech,-,姐姐姐。
424,src_40,14.26,2.62,Speech,ANGRY,尝着我最新修炼的铁头功吧。😡
425,src_40,17.78,2.86,Speech,-,啊，起重了。
426,src_40,23.58,1.50,Speech,-,怎么了？
427,src_40,28.00,1.64,Speech,ANGRY,找你的铁头。😡
