file,sha256,visual_result,audio_heard,source_bvid,source_page_url,frame_evidence,note
accepted/src_04_11.94-16.76.wav,a0637b1fcd4a16891e79a4e91a5737510a2bc9494d7bae619903968562dadd04,target_visible,no,BV1H24y1j7ev,https://www.bilibili.com/video/BV1H24y1j7ev/,13.24-16.24 奶龙近景张口；既有视觉真值 #6,画面支持目标角色；需听音核对台词和残留
accepted/src_05_3.54-7.70.wav,a4abb91834a542c43d1fa4e338ef9b6f016ad7cc722d5bf2d896a03802d48c34,target_visible,no,BV1JT411a7Tv,https://www.bilibili.com/video/BV1JT411a7Tv/,3.64-7.24 奶龙张口；小七发言始于片段末尾之后,画面支持目标角色；字幕与转写有出入，需听音
accepted/src_07_8.12-15.14.wav,366dc4e2c4f7ec202e22edf234ae5cbd9fba3a4d0023bcb3961c0b70443db212,partial_visual,no,BV1ba4y1574U,https://www.bilibili.com/video/BV1ba4y1574U/,匹配视频仅覆盖源 11.35s 以后，11.82-15.14 奶龙可见,片段前约 3.2s 缺画面，需听音及补视觉
accepted/src_10_31.84-39.66.wav,8af206279f59949464ee36011d9450b3d661f62b77422ecff247131e82f73e7a,mixed_speakers,no,BV1qu411Y72r,https://www.bilibili.com/video/BV1qu411Y72r/,35.54-39.14 奶龙、橙色角色和小七轮流出现在字幕台词下,跨角色对白，整段不适合作为单一说话人样本
accepted/src_13_28.38-32.96.wav,c9d0bbef1e3e6b0cc6d9d9ee6e439840fea1813126429ebd5f7fb8311d4f03cb,target_visible,no,BV1C14y1S7Gh,https://www.bilibili.com/video/BV1C14y1S7Gh/,28.48-31.48 奶龙近景张口，字幕为“是我吃！不是你吃！”,画面支持目标角色；当前转写“是我去”有误，需听音校准
accepted/src_16_2.14-6.18.wav,a01df8bcb1d8036bb77c2dfbe6835382a91ac3973ef772237ffd2a3b596b8cbb,mixed_speakers,no,BV1f84y1M7Vu,https://www.bilibili.com/video/BV1f84y1M7Vu/,2.24 小七张口；3.44-6.18 奶龙说 Surprise,片段跨小七和奶龙发言
accepted/src_16_29.36-35.32.wav,fc9a46f0ca6f90c39430b744934ef61f1b458194f6eea83f360305dcbdb8b623,mixed_speakers,no,BV1f84y1M7Vu,https://www.bilibili.com/video/BV1f84y1M7Vu/,29.46-31.26 奶龙张口；31.86-35.32 小七持手机发言,片段跨奶龙和小七发言
accepted/src_17_2.16-5.42.wav,b0977cdab4f1d85b3c2633d1d6adf73fad73efd5a921f679810a7db550c1b91a,target_visible,no,BV1Xu411Y733,https://www.bilibili.com/video/BV1Xu411Y733/,2.26-5.26 奶龙向蜗牛说话，字幕为“好久没见了，是不是要庆祝一下”,画面支持目标角色；需听音
accepted/src_17_8.26-14.92.wav,24b0e7b3d904386eb136bb137aa1c79edef18506105837d3a23ff86c5550a8fb,mixed_speakers,no,BV1Xu411Y733,https://www.bilibili.com/video/BV1Xu411Y733/,8.36-8.96 蜗牛张口；9.56-14.36 奶龙回应,片段跨蜗牛和奶龙发言
accepted/src_18_22.10-26.36.wav,58a92a69eb1ad403b53e30a1d0a0ad1b96b98acbc69cfcdc96646f3acc444cb8,uncertain,no,BV1KV411u7pg,https://www.bilibili.com/video/BV1KV411u7pg/,22.20-25.80 奶龙、蓝色角色和小七同场；字幕跨多个镜头,无法凭画面确认全段仅奶龙发言，需听音
accepted/src_18_46.12-50.22.wav,576b16fec4be406aa9e34707bec76e40edce17ea27dacd02557d8cc6731a0800,uncertain,no,BV1KV411u7pg,https://www.bilibili.com/video/BV1KV411u7pg/,46.22-49.82 奶龙与小七同场，画面叠加英文文字,需听音核实发言归属和叠加声音
accepted/src_19_10.58-14.64.wav,28b66e8dc7468e19f236166c44e19e7eb080d75ac63c4e721102356fefcbe036,target_visible,no,BV1hM411T7ev,https://www.bilibili.com/video/BV1hM411T7ev/,10.68-14.28 奶龙对鳄鱼张口说话,画面支持目标角色；需听音
accepted/src_23_36.70-39.72.wav,e2eb35369e11f86cdf61530bd7987f3907559b841496f92facfa66ee77678869,target_costume,no,BV1a14y1y7nq,https://www.bilibili.com/video/BV1a14y1y7nq/,36.80-39.20 奶龙蝙蝠侠装扮近景发言,目标角色可见，但变装片段音色和音效需听音
accepted/src_24_17.02-22.32.wav,c824c0d7933282eb3fde579ada9a8e8ac8055fb9a5c14738a09d46828bf2be77,uncertain,no,BV1po4y1A7DK,https://www.bilibili.com/video/BV1po4y1A7DK/,17.72-22.32 奶龙、小七与蜗牛同场；字幕重复“我到家了”,需听音判定片段是否含其他角色回应
accepted/src_27_11.16-15.30.wav,3f6b0e621c7ed183bd798d629e5a71fde8fa19c7f5c7661a895cacd5da0bf04d,target_visible,no,BV1uz4y1E7p1,https://www.bilibili.com/video/BV1uz4y1E7p1/,11.26-14.86 奶龙面对蛇张口，字幕含“我有办法”,画面支持目标角色；当前转写有误，需听音校准
accepted/src_28_25.18-29.14.wav,f491fd058aab8fcd73329f2d550a683a24b062c5510f0ef224ff057c0afb5e68,mixed_speakers,no,BV1To4y1M7MG,https://www.bilibili.com/video/BV1To4y1M7MG/,25.28 小七问“你做的饭呢”；26.48-28.88 奶龙回应,片段跨小七和奶龙发言
accepted/src_29_18.56-21.62.wav,752a7008314b6645b3290c252bfc59fffc61cbb9976935c4a3ab8efcd7b31ea5,target_visible,no,BV1yW4y1o7in,https://www.bilibili.com/video/BV1yW4y1o7in/,18.66-21.66 奶龙近景张口；字幕有“你们给我等着”,画面支持目标角色；结尾台词需听音
accepted/src_29_48.76-53.38.wav,32e76846af8e78113a5b503753ded20e721f8b9c868955ef246dda0f01959b41,target_visible,no,BV1yW4y1o7in,https://www.bilibili.com/video/BV1yW4y1o7in/,48.86-53.36 奶龙对镜头张口，字幕为护肤宣传语,画面支持目标角色；需听音核实广告伴奏与台词
accepted/src_32_0.04-3.44.wav,c408a8b34bf13d30a5b4d9077c80533c4810bbda30c491ca77ee828cfa4dd098,uncertain,no,BV1Na4y1u7BS,https://www.bilibili.com/video/BV1Na4y1u7BS/,0.60-3.00 奶龙与小七同框，字幕“小七你这饼太小了 / 我给你这个大饼”,小七也有张口画面，需听音核对发言归属
accepted/src_35_43.28-48.12.wav,67b9f8d537e3e28dfe1280e485cd9a194f00f1f10f3bf5b728a44626c7dabfe4,target_visible,no,BV1cj411w7PX,https://www.bilibili.com/video/BV1cj411w7PX/,43.38-47.58 奶龙面对消防员张口，字幕“消防哥哥我再也不玩火了”,画面支持目标角色；当前转写首词有误，需听音
accepted/src_36_33.24-37.32.wav,e2e50d6b51606663138f868b6d5360819b78702e828e9548912e1c5c7f73fb17,mixed_speakers,no,BV1yitA6pEMR,https://www.bilibili.com/video/BV1yitA6pEMR,33.34-35.74 奶龙张口；36.34-37.32 蓝色角色发言,片段跨奶龙与蓝色角色发言
